,_id,l_mention_name,r_attraction_in,l_mention_type,l_mention_popularity,l_mention_address,l_mention_longitude,l_mention_latitude,l_no_of_blogFiles,r_attraction_longitude,r_attraction_latitude,r_attraction_in_file,_sim_score
0,0,san francisco,San Francisco,city,601,"SF, California, United States of America",-122.4192362,37.779280799999995,361,-122.4192362,37.779280799999995,san_francisco.json,2
1,1,san-francisco,San Francisco,city,1,"SF, California, United States of America",-122.4192362,37.779280799999995,13,-122.4192362,37.779280799999995,san_francisco.json,3
2,2,san bruno,San Bruno,city,3,"San Bruno, San Mateo County, California, United States of America",-122.41108340000001,37.6304904,4,-122.41108340000001,37.6304904,san_bruno.json,2
3,3,millbrae,Millbrae,city,5,"Millbrae, San Mateo County, California, United States of America",-122.38719409999999,37.5985468,12,-122.38719409999999,37.5985468,millbrae.json,1
4,4,burlingame,Burlingame,city,3,"Burlingame, San Mateo County, California, United States of America",-122.3660824,37.5841026,3,-122.3660824,37.5841026,burlingame.json,1
5,5,foster city,Foster City,city,1,"Foster City, San Mateo County, California, United States of America",-122.26885209999999,37.560033600000004,13,-122.26885209999999,37.560033600000004,foster_city.json,2
6,6,san marcos,San Carlos,city,8,"San Marcos, San Diego County, California, United States of America",-117.16614479999998,33.1433723,15,-122.266149723864,37.4982065,san_carlos.json,3
7,7,san carlos,San Carlos,city,5,"San Carlos, San Mateo County, California, United States of America",-122.266149723864,37.4982065,63,-122.266149723864,37.4982065,san_carlos.json,2
8,8,belmont,Belmont,city,3,"Belmont, San Mateo County, California, United States of America",-122.2758007,37.5202145,8,-122.2758007,37.5202145,belmont.json,1
9,9,fremont,Belmont,city,144,"Fremont, Alameda County, California, United States of America",-121.98857179999999,37.548269700000006,66,-122.2758007,37.5202145,belmont.json,3
10,10,beaumont,Belmont,city,9,"Beaumont, Riverside County, California, United States of America",-116.97724790000001,33.929460600000006,23,-122.2758007,37.5202145,belmont.json,3
11,11,el monte,Belmont,city,5,"El Monte, Los Angeles County, California, United States of America",-118.03684890000001,34.0751571,27,-122.2758007,37.5202145,belmont.json,3
12,12,mountain view,Mountain View,city,13,"Mountain View, Santa Clara County, California, United States of America",-122.0820499,37.3855745,16,-122.0820499,37.3855745,mountain_view.json,2
13,13,san jose,San Jose,city,206,"San Jos√©, Santa Clara County, California, United States of America",-121.8905832,37.3361905,337,-121.8905832,37.3361905,san_jose.json,2
14,14,santa clara,Santa Clara,city,36,"Santa Clara, Santa Clara County, California, United States of America",-121.9551743,37.35411320000001,147,-121.9551743,37.35411320000001,santa_clara.json,2
15,15,sunnyvale,Sunnyvale,city,20,"Sunnyvale, Santa Clara County, California, United States of America",-122.03634950000001,37.368830100000004,43,-122.03634950000001,37.368830100000004,sunnyvale.json,1
16,16,clovis,Alviso,city,7,"Clovis, Fresno County, California, United States of America",-119.70291929999999,36.8252277,11,-121.9752372,37.426051,alviso.json,3
17,17,gilroy,Gilroy,city,4,"Gilroy, Santa Clara County, California, United States of America",-121.56317220000001,37.0065078,89,-121.56317220000001,37.0065078,gilroy.json,1
18,18,willits,Milpitas,city,3,"Willits, Mendocino County, California, United States of America",-123.3555601,39.4096043,4,-121.9066237,37.4282724,milpitas.json,3
19,19,milpitas,Milpitas,city,12,"Milpitas, Santa Clara County, California, United States of America",-121.9066237,37.4282724,16,-121.9066237,37.4282724,milpitas.json,1
20,20,bruno,Sunol,city,1,"San Bruno, San Mateo County, California, United States of America",-122.41108340000001,37.6304904,1,-121.88856820000001,37.5943781,sunol.json,3
21,21,belmont,Fremont,city,3,"Belmont, San Mateo County, California, United States of America",-122.2758007,37.5202145,8,-121.98857179999999,37.548269700000006,fremont.json,3
22,22,fremont,Fremont,city,144,"Fremont, Alameda County, California, United States of America",-121.98857179999999,37.548269700000006,66,-121.98857179999999,37.548269700000006,fremont.json,1
23,23,claremont,Fremont,city,8,"Claremont, Los Angeles County, California, United States of America",-117.7197784,34.0966764,29,-121.98857179999999,37.548269700000006,fremont.json,3
24,24,san juan bautista,San Juan Bautista,city,6,"San Juan Bautista, San Benito County, California, United States of America",-121.53798929999999,36.8455173,42,-121.53798929999999,36.8455173,san_juan_bautista.json,3
25,25,hayward,Hayward,city,7,"Hayward, Alameda County, California, United States of America",-122.0807963,37.6688205,6,-122.0807963,37.6688205,hayward.json,1
26,26,palo alto,Palo Alto,city,32,"Palo Alto, Santa Clara County, California, United States of America",-122.16344709999998,37.442156,104,-122.16344709999998,37.442156,palo_alto.json,2
27,27,salinas,Salinas,city,12,"Salinas, Monterey County, California, United States of America",-121.6550371,36.6744117,28,-121.6550371,36.6744117,salinas.json,1
28,28,marina,Salinas,city,35,"Marina, Monterey County, California, United States of America",-121.80063973026199,36.6900785,61,-121.6550371,36.6744117,salinas.json,3
29,29,tustin,Dublin,city,32,"Tustin, Orange County, California, United States of America",-117.82616589999999,33.7458511,45,-121.93579170000001,37.7021521,dublin.json,3
30,30,auburn,Dublin,city,3,"Auburn, Placer County, California, United States of America",-121.07398959999999,38.894593900000004,20,-121.93579170000001,37.7021521,dublin.json,3
31,31,dublin,Dublin,city,10,"Dublin, Alameda County, California, United States of America",-121.93579170000001,37.7021521,32,-121.93579170000001,37.7021521,dublin.json,1
32,32,hanford,Stanford,city,3,"Hanford, Kings County, California, United States of America",-119.64568429999999,36.3274502,12,-122.17018755124901,37.426564899999995,stanford.json,2
33,33,oroville,Danville,city,5,"Oroville, Butte County, California, United States of America",-121.55635890000002,39.513775200000005,57,-121.9999605,37.8215929,danville.json,3
34,34,vacaville,Danville,city,9,"Vacaville, Solano County, California, United States of America",-121.9877443,38.3565773,25,-121.9999605,37.8215929,danville.json,3
35,35,susanville,Danville,city,4,"Susanville, Lassen County, California, United States of America",-120.6530062,40.4162842,8,-121.9999605,37.8215929,danville.json,3
36,36,cupertino,Cupertino,city,13,"Cupertino, Santa Clara County, California, United States of America",-122.0322518,37.323010700000005,41,-122.0322518,37.323010700000005,cupertino.json,1
37,37,upland,Oakland,city,5,"Upland, San Bernardino County, California, United States of America",-117.6483875,34.09751,5,-122.27135619999999,37.804455700000005,oakland.json,3
38,38,oakland,Oakland,city,165,"Oakland, Alameda County, California, United States of America",-122.27135619999999,37.804455700000005,196,-122.27135619999999,37.804455700000005,oakland.json,1
39,39,st. helena,St. Helena,city,36,"St. Helena, Napa County, California, United States of America",-122.47004229999999,38.5052288,41,-122.47004229999999,38.5052288,st._helena.json,2
40,40,waterford,Rutherford,city,3,"Waterford, Stanislaus County, California, United States of America",-120.76048329999999,37.6413202,5,-122.42247890000002,38.458521000000005,rutherford.json,3
41,41,saratoga,Saratoga,city,8,"Saratoga, Santa Clara County, California, United States of America",-122.0230145,37.2638324,23,-122.0230145,37.2638324,saratoga.json,1
42,42,los altos,Los Altos,city,5,"Los Altos, Santa Clara County, California, United States of America",-122.11657790000001,37.379062899999994,17,-122.11657790000001,37.379062899999994,los_altos.json,2
43,43,los altos,Los Gatos,city,5,"Los Altos, Santa Clara County, California, United States of America",-122.11657790000001,37.379062899999994,17,-121.97467959999999,37.226611,los_gatos.json,3
44,44,atascadero,Pescadero,city,11,"Atascadero, San Luis Obispo County, California, United States of America",-120.6707254,35.4894169,79,-122.3821926,37.251601799999996,pescadero.json,3
45,45,belmont,Felton,city,3,"Belmont, San Mateo County, California, United States of America",-122.2758007,37.5202145,8,-122.0732905,37.0513364,felton.json,3
46,46,buellton,Felton,city,16,"Buellton, Santa Barbara County, California, United States of America",-120.1936691,34.6134727,157,-122.0732905,37.0513364,felton.json,3
47,47,isleton,Felton,city,3,"Isleton, Sacramento County, California, United States of America",-121.6116205,38.1618614,7,-122.0732905,37.0513364,felton.json,3
48,48,colton,Felton,city,8,"Colton, San Bernardino County, California, United States of America",-117.31365459999999,34.0739016,12,-122.0732905,37.0513364,felton.json,2
49,49,la mesa,Alameda,city,4,"La Mesa, San Diego County, California, United States of America",-117.0230838,32.7678288,19,-121.8991419,37.6090291,alameda.json,3
50,50,san leandro,San Leandro,city,9,"San Leandro, Alameda County, California, United States of America",-122.1560767,37.7249296,6,-122.1560767,37.7249296,san_leandro.json,2
51,51,brea,Napa,city,10,"Brea, Orange County, California, United States of America",-117.88885559999999,33.917044399999995,23,-122.28552920000001,38.2971367,napa.json,3
52,52,napa,Napa,city,134,"Napa, Napa County, California, United States of America",-122.28552920000001,38.2971367,131,-122.28552920000001,38.2971367,napa.json,1
53,53,etna,Napa,city,1,"Etna, Siskiyou County, California, United States of America",-122.894755,41.4568065,2,-122.28552920000001,38.2971367,napa.json,3
54,54,mesa,Napa,city,7,"La Mesa, San Diego County, California, United States of America",-117.0230838,32.7678288,14,-122.28552920000001,38.2971367,napa.json,3
55,55,american canyon,American Canyon,city,2,"American Canyon, Napa County, California, United States of America",-122.2608043,38.1749179,3,-122.2608043,38.1749179,american_canyon.json,2
56,56,vallejo,Vallejo,city,20,"Vallejo, Solano County, California, United States of America",-122.2566366,38.1040864,97,-122.2566366,38.1040864,vallejo.json,1
57,57,sonora,Sonoma,city,26,"Sonora, Tuolumne County, California, United States of America",-120.38213799999998,37.9840911,55,-122.84733870000001,38.511080299999996,sonoma.json,2
58,58,pomona,Sonoma,city,15,"Pomona, Los Angeles County, California, United States of America",-117.75174950000002,34.05538129999999,42,-122.84733870000001,38.511080299999996,sonoma.json,3
59,59,oroville,Oakville,city,5,"Oroville, Butte County, California, United States of America",-121.55635890000002,39.513775200000005,57,-122.4022006,38.4368549,oakville.json,3
60,60,vacaville,Oakville,city,9,"Vacaville, Solano County, California, United States of America",-121.9877443,38.3565773,25,-122.4022006,38.4368549,oakville.json,3
61,61,calistoga,Calistoga,city,55,"Calistoga, Napa County, California, United States of America",-122.58332594860799,38.582615000000004,114,-122.58332594860799,38.582615000000004,calistoga.json,1
62,62,santa rosa,Santa Rosa,city,19,"Santa Rosa, Sonoma County, California, United States of America",-122.7144313,38.4404675,39,-122.7144313,38.4404675,santa_rosa.json,2
63,63,tustin,Fulton,city,32,"Tustin, Orange County, California, United States of America",-117.82616589999999,33.7458511,45,-122.7699885,38.4962997,fulton.json,3
64,64,buellton,Fulton,city,16,"Buellton, Santa Barbara County, California, United States of America",-120.1936691,34.6134727,157,-122.7699885,38.4962997,fulton.json,3
65,65,isleton,Fulton,city,3,"Isleton, Sacramento County, California, United States of America",-121.6116205,38.1618614,7,-122.7699885,38.4962997,fulton.json,3
66,66,colton,Fulton,city,8,"Colton, San Bernardino County, California, United States of America",-117.31365459999999,34.0739016,12,-122.7699885,38.4962997,fulton.json,2
67,67,brentwood,Kenwood,city,13,"Brentwood, Contra Costa County, California, United States of America",-121.69602649999999,37.9317766,24,-122.54609340000002,38.4138005,kenwood.json,3
68,68,indio,Windsor,city,8,"Indio, Riverside County, California, United States of America",-116.21880530000001,33.71928079999999,66,-122.80442729146401,38.519758,windsor.json,3
69,69,healdsburg,Healdsburg,city,21,"Healdsburg, Sonoma County, California, United States of America",-122.87013789999999,38.6106812,88,-122.87013789999999,38.6106812,healdsburg.json,1
70,70,sebastopol,Sebastopol,city,11,"Sebastopol, Sonoma County, California, United States of America",-122.82388049999999,38.4021359,67,-122.82388049999999,38.4021359,sebastopol.json,1
71,71,rohnert park,Rohnert Park,city,2,"Rohnert Park, Sonoma County, California, United States of America",-122.7010983,38.3396367,2,-122.7010983,38.3396367,rohnert_park.json,2
72,72,redding,Redding,city,8,"Redding, Shasta County, California, United States of America",-122.3916753,40.5863563,23,-122.3916753,40.5863563,redding.json,1
73,73,chico,Orick,city,7,"Chico, Butte County, California, United States of America",-121.83747759999999,39.728494500000004,18,-124.05979359999999,41.2867896,orick.json,3
74,74,yreka,Eureka,city,3,"Yreka, Siskiyou County, California, United States of America",-122.6377654,41.732615700000004,23,-124.16367279999999,40.80207120000001,eureka.json,2
75,75,brea,Eureka,city,10,"Brea, Orange County, California, United States of America",-117.88885559999999,33.917044399999995,23,-124.16367279999999,40.80207120000001,eureka.json,3
76,76,jurupa,Eureka,city,2,"Jurupa Valley, Riverside County, California, United States of America",-117.4515753,33.9798472,2,-124.16367279999999,40.80207120000001,eureka.json,3
77,77,eureka,Eureka,city,12,"Eureka, Humboldt County, California, United States of America",-124.16367279999999,40.80207120000001,93,-124.16367279999999,40.80207120000001,eureka.json,1
78,78,crescent city,Crescent City,city,8,"Crescent City, Del Norte County, California, United States of America",-124.14986188309601,41.8528065,17,-124.14986188309601,41.8528065,crescent_city.json,2
79,79,hemet,Weott,city,7,"Hemet, Riverside County, California, United States of America",-117.035766536246,33.778562,9,-123.9226033,40.3214878,weott.json,3
80,80,poway,Redway,city,6,"Poway, San Diego County, California, United States of America",-117.0358645,32.9628234,46,-123.822705490154,40.121790000000004,redway.json,3
81,81,porterville,Garberville,city,3,"Porterville, Tulare County, California, United States of America",-119.01676780000001,36.06523,4,-123.7961393,40.1005685,garberville.json,3
82,82,rio del,Rio Dell,city,1,"LA, Los Angeles County, California, United States of America",-118.2439408,34.054394200000004,4,-124.1064368,40.4993013,rio_dell.json,3
83,83,gilroy,Piercy,city,4,"Gilroy, Santa Clara County, California, United States of America",-121.56317220000001,37.0065078,89,-123.794251,39.9662625,piercy.json,3
84,84,ferndale,Ferndale,city,3,"Ferndale, Humboldt County, California, United States of America",-124.26394409999999,40.5762406,29,-124.26394409999999,40.5762406,ferndale.json,1
85,85,glendale,Ferndale,city,43,"Glendale, Los Angeles County, California, United States of America",-118.24836699999999,34.142345500000005,140,-124.26394409999999,40.5762406,ferndale.json,3
86,86,portola,Fortuna,city,1,"Portola, Plumas County, California, United States of America",-120.4691033,39.8104567,1,-124.156034,40.5974067,fortuna.json,3
87,87,fontana,Fortuna,city,10,"Fontana, San Bernardino County, California, United States of America",-117.4350479,34.0922335,8,-124.156034,40.5974067,fortuna.json,3
88,88,lomita,Loleta,city,1,"Lomita, Los Angeles County, California, United States of America",-118.3195013,33.8036545,1,-124.22447279999999,40.640867799999995,loleta.json,3
89,89,soledad,Loleta,city,12,"Soledad, Monterey County, California, United States of America",-121.32721459999999,36.426945200000006,126,-124.22447279999999,40.640867799999995,loleta.json,3
90,90,napa,Samoa,city,134,"Napa, Napa County, California, United States of America",-122.28552920000001,38.2971367,131,-124.1864517,40.8187372,samoa.json,3
91,91,pomona,Samoa,city,15,"Pomona, Los Angeles County, California, United States of America",-117.75174950000002,34.05538129999999,42,-124.1864517,40.8187372,samoa.json,3
92,92,trinidad,Trinidad,city,3,"Trinidad, Humboldt County, California, United States of America",-124.14312450000001,41.059290999999995,3,-124.14312450000001,41.059290999999995,trinidad.json,1
93,93,arcata,Arcata,city,5,"Arcata, Humboldt County, California, United States of America",-124.0828395,40.866516600000004,43,-124.0828395,40.866516600000004,arcata.json,1
94,94,arcadia,Arcata,city,11,"Arcadia, Los Angeles County, California, United States of America",-118.0401496,34.136207500000005,23,-124.0828395,40.866516600000004,arcata.json,3
95,95,shasta lake,Shasta Lake,city,2,"Shasta Lake, Shasta County, California, United States of America",-122.36265060000001,40.679963799999996,4,-122.36265060000001,40.679963799999996,shasta_lake.json,2
96,96,mount shasta,Mount Shasta,city,5,"Mount Shasta, Siskiyou County, California, United States of America",-122.31056650000001,41.30987460000001,13,-122.31056650000001,41.30987460000001,mount_shasta.json,2
97,97,dunsmuir,Dunsmuir,city,3,"Dunsmuir, Siskiyou County, California, United States of America",-122.2719528,41.208208899999995,4,-122.2719528,41.208208899999995,dunsmuir.json,1
98,98,downey,Burney,city,3,"Downey, Los Angeles County, California, United States of America",-118.1325687,33.9400143,6,-121.67278252034201,40.8884145,burney.json,3
99,99,susanville,Susanville,city,4,"Susanville, Lassen County, California, United States of America",-120.6530062,40.4162842,8,-120.6530062,40.4162842,susanville.json,1
100,100,brentwood,Westwood,city,13,"Brentwood, Contra Costa County, California, United States of America",-121.69602649999999,37.9317766,24,-121.010399151458,40.3024675,westwood.json,3
101,101,quinta,Quincy,city,1,"La Quinta, Riverside County, California, United States of America",-116.2958788,33.677474,1,-120.95357384728901,39.930994500000004,quincy.json,3
102,102,portola,Portola,city,1,"Portola, Plumas County, California, United States of America",-120.4691033,39.8104567,1,-120.4691033,39.8104567,portola.json,1
103,103,indio,Clio,city,8,"Indio, Riverside County, California, United States of America",-116.21880530000001,33.71928079999999,66,-120.565078536214,39.7495505,clio.json,3
104,104,chico,Clio,city,7,"Chico, Butte County, California, United States of America",-121.83747759999999,39.728494500000004,18,-120.565078536214,39.7495505,clio.json,3
105,105,chino,Clio,city,3,"Chino, San Bernardino County, California, United States of America",-117.69007490000001,34.013356099999996,3,-120.565078536214,39.7495505,clio.json,3
106,106,los angeles,Los Angeles,city,756,"LA, Los Angeles County, California, United States of America",-118.2439408,34.054394200000004,491,-118.2439408,34.054394200000004,los_angeles.json,2
107,107,gardena,Norden,city,4,"Gardena, Los Angeles County, California, United States of America",-118.30708909999998,33.888330200000006,22,-120.35721240000001,39.3178273,norden.json,3
108,108,beverly hill,Beverly Hills,city,2,"Beverly Hills, Los Angeles County, California, United States of America",-118.40035619999999,34.073620399999996,18,-118.40035619999999,34.073620399999996,beverly_hills.json,3
109,109,beverly hills,Beverly Hills,city,248,"Beverly Hills, Los Angeles County, California, United States of America",-118.40035619999999,34.073620399999996,282,-118.40035619999999,34.073620399999996,beverly_hills.json,2
110,110,south lake tahoe,South Lake Tahoe,city,25,"South Lake Tahoe, El Dorado County, California, United States of America",-119.98784639015699,38.929125,173,-119.98784639015699,38.929125,south_lake_tahoe.json,3
111,111,santa clarita,Santa Clarita,city,242,"Santa Clarita, Los Angeles County, California, United States of America",-118.54258590000002,34.3916641,173,-118.54258590000002,34.3916641,santa_clarita.json,2
112,112,marina,Gardena,city,35,"Marina, Monterey County, California, United States of America",-121.80063973026199,36.6900785,61,-118.30708909999998,33.888330200000006,gardena.json,3
113,113,pasadena,Gardena,city,192,"Pasadena, Los Angeles County, California, United States of America",-118.14447779999999,34.14764520000001,230,-118.30708909999998,33.888330200000006,gardena.json,3
114,114,gardena,Gardena,city,4,"Gardena, Los Angeles County, California, United States of America",-118.30708909999998,33.888330200000006,22,-118.30708909999998,33.888330200000006,gardena.json,1
115,115,lompoc,Compton,city,29,"Lompoc, Santa Barbara County, California, United States of America",-120.4579408,34.6391501,125,-118.2260433,33.89488239999999,compton.json,3
116,116,compton,Compton,city,7,"Compton, Los Angeles County, California, United States of America",-118.2260433,33.89488239999999,20,-118.2260433,33.89488239999999,compton.json,1
117,117,colton,Compton,city,8,"Colton, San Bernardino County, California, United States of America",-117.31365459999999,34.0739016,12,-118.2260433,33.89488239999999,compton.json,3
118,118,hawthorne,Hawthorne,city,1,"Hawthorne, Los Angeles County, California, United States of America",-118.34779409999999,33.9113109,6,-118.34779409999999,33.9113109,hawthorne.json,1
119,119,el segundo,El Segundo,city,6,"El Segundo, Los Angeles County, California, United States of America",-118.38295490000002,33.9122175,21,-118.38295490000002,33.9122175,el_segundo.json,2
120,120,inglewood,Inglewood,city,5,"Inglewood, Los Angeles County, California, United States of America",-118.353131,33.9616801,68,-118.353131,33.9616801,inglewood.json,1
121,121,lakewood,Lakewood,city,5,"Lakewood, Los Angeles County, California, United States of America",-118.11719129999999,33.8503463,21,-118.11719129999999,33.8503463,lakewood.json,1
122,122,burbank,Burbank,city,60,"Burbank, Los Angeles County, California, United States of America",-118.3258553,34.181648200000005,286,-118.3258553,34.181648200000005,burbank.json,1
123,123,long beach,Long Beach,city,160,"Long Beach, Los Angeles County, California, United States of America",-118.158049215311,33.78538945,377,-118.158049215311,33.78538945,long_beach.json,2
124,124,west hollywood,West Hollywood,city,62,"West Hollywood, Los Angeles County, California, United States of America",-118.3617442,34.0900091,150,-118.3617442,34.0900091,west_hollywood.json,2
125,125,newport beach,Newport Beach,city,314,"Newport Beach, Orange County, California, United States of America",-117.92943999999999,33.6170092,395,-117.92943999999999,33.6170092,newport_beach.json,2
126,126,santa monica,Santa Monica,city,338,"Santa Monica, Los Angeles County, California, United States of America",-118.48697379999999,34.0195598,355,-118.48697379999999,34.0195598,santa_monica.json,2
127,127,ferndale,Glendale,city,3,"Ferndale, Humboldt County, California, United States of America",-124.26394409999999,40.5762406,29,-118.24836699999999,34.142345500000005,glendale.json,3
128,128,glendale,Glendale,city,43,"Glendale, Los Angeles County, California, United States of America",-118.24836699999999,34.142345500000005,140,-118.24836699999999,34.142345500000005,glendale.json,1
129,129,westlake village,Westlake Village,city,3,"Westlake Village, Los Angeles County, California, United States of America",-118.8056473,34.145838899999994,7,-118.8056473,34.145838899999994,westlake_village.json,2
130,130,simi valley,Simi Valley,city,19,"Simi Valley, Ventura County, California, United States of America",-118.78148190000002,34.2694474,102,-118.78148190000002,34.2694474,simi_valley.json,2
131,131,moorpark,Moorpark,city,4,"Moorpark, Ventura County, California, United States of America",-118.8820413,34.285558,31,-118.8820413,34.285558,moorpark.json,1
132,132,thousand oaks,Thousand Oaks,city,5,"Thousand Oaks, Ventura County, California, United States of America",-118.910587629744,34.17142715,28,-118.910587629744,34.17142715,thousand_oaks.json,2
133,133,santa paula,Santa Paula,city,9,"Santa Paula, Ventura County, California, United States of America",-119.05927040000002,34.3541659,29,-119.05927040000002,34.3541659,santa_paula.json,2
0,134,camarillo,Camarillo,city,18,"Camarillo, Ventura County, California, United States of America",-119.0376023,34.2163939,37,-119.0376023,34.2163939,camarillo.json,1
1,135,lomita,Somis,city,1,"Lomita, Los Angeles County, California, United States of America",-118.3195013,33.8036545,1,-118.9962123,34.2572261,somis.json,3
2,136,clovis,Somis,city,7,"Clovis, Fresno County, California, United States of America",-119.70291929999999,36.8252277,11,-118.9962123,34.2572261,somis.json,3
3,137,centro,Ventura,city,1,"El Centro, Imperial County, California, United States of America",-115.5630513,32.792,3,-119.31058220420401,34.364744,ventura.json,3
4,138,lodi,Ojai,city,31,"Lodi, San Joaquin County, California, United States of America",-121.387849546574,38.097198,64,-119.2428889,34.448049499999996,ojai.json,3
5,139,ojai,Ojai,city,16,"Ojai, Ventura County, California, United States of America",-119.2428889,34.448049499999996,57,-119.2428889,34.448049499999996,ojai.json,1
6,140,irvine,Arvin,city,238,"Irvine, Orange County, California, United States of America",-117.8259818,33.685696899999996,190,-118.82843090000001,35.209129,arvin.json,2
7,141,covina,Arvin,city,2,"Covina, Los Angeles County, California, United States of America",-117.8891163,34.0877926,20,-118.82843090000001,35.209129,arvin.json,3
8,142,oxnard,Oxnard,city,71,"Oxnard, Ventura County, California, United States of America",-119.1803817,34.1976308,244,-119.1803817,34.1976308,oxnard.json,1
9,143,agoura hills,Agoura Hills,city,5,"Agoura Hills, Los Angeles County, California, United States of America",-118.7745347,34.1363945,34,-118.7745347,34.1363945,agoura_hills.json,2
10,144,marina,Manila,city,35,"Marina, Monterey County, California, United States of America",-121.80063973026199,36.6900785,61,-124.1622855,40.8517929,manila.json,3
11,145,santee,Cantil,city,1,"Santee, San Diego County, California, United States of America",-116.9739166,32.8383828,17,-117.96840300000001,35.3088502,cantil.json,3
12,146,cajon,Boron,city,1,"El Cajon, San Diego County, California, United States of America",-116.96252679999999,32.7947731,1,-117.668060165467,35.0199035,boron.json,3
13,147,dixon,Boron,city,1,"Dixon, Solano County, California, United States of America",-121.82329569999999,38.4454641,1,-117.668060165467,35.0199035,boron.json,3
14,148,ripon,Boron,city,4,"Ripon, San Joaquin County, California, United States of America",-121.1243827,37.741595000000004,8,-117.668060165467,35.0199035,boron.json,3
15,149,norco,Boron,city,4,"Norco, Riverside County, California, 92860, United States of America",-117.55089,33.9323307,71,-117.668060165467,35.0199035,boron.json,3
16,150,pomona,Boron,city,15,"Pomona, Los Angeles County, California, United States of America",-117.75174950000002,34.05538129999999,42,-117.668060165467,35.0199035,boron.json,3
17,151,colton,Boron,city,8,"Colton, San Bernardino County, California, United States of America",-117.31365459999999,34.0739016,12,-117.668060165467,35.0199035,boron.json,3
18,152,ridgecrest,Ridgecrest,city,10,"Ridgecrest, Kern County, California, United States of America",-117.66994129999999,35.6225064,35,-117.66994129999999,35.6225064,ridgecrest.json,1
19,153,lancaster,Lancaster,city,21,"Lancaster, Los Angeles County, California, United States of America",-118.1366152,34.6981064,51,-118.1366152,34.6981064,lancaster.json,1
20,154,yreka,Trona,city,3,"Yreka, Siskiyou County, California, United States of America",-122.6377654,41.732615700000004,23,-117.3728345,35.7627322,trona.json,3
21,155,brea,Trona,city,10,"Brea, Orange County, California, United States of America",-117.88885559999999,33.917044399999995,23,-117.3728345,35.7627322,trona.json,3
22,156,marina,Trona,city,35,"Marina, Monterey County, California, United States of America",-121.80063973026199,36.6900785,61,-117.3728345,35.7627322,trona.json,3
23,157,etna,Trona,city,1,"Etna, Siskiyou County, California, United States of America",-122.894755,41.4568065,2,-117.3728345,35.7627322,trona.json,3
24,158,pomona,Trona,city,15,"Pomona, Los Angeles County, California, United States of America",-117.75174950000002,34.05538129999999,42,-117.3728345,35.7627322,trona.json,3
25,159,palmdale,Palmdale,city,20,"Palmdale, Los Angeles County, California, United States of America",-118.11711070000001,34.5793131,90,-118.11711070000001,34.5793131,palmdale.json,1
26,160,oakdale,Palmdale,city,5,"Oakdale, Stanislaus County, California, United States of America",-120.8471544,37.766594700000006,14,-118.11711070000001,34.5793131,palmdale.json,3
27,161,azusa,Azusa,city,4,"Azusa, Los Angeles County, California, United States of America",-117.9056045,34.1338751,13,-117.9056045,34.1338751,azusa.json,1
28,162,mesa,Azusa,city,7,"La Mesa, San Diego County, California, United States of America",-117.0230838,32.7678288,14,-117.9056045,34.1338751,azusa.json,3
29,163,ca usa,Azusa,city,2,"California City, Kern County, California, United States of America",-117.9859037,35.125801,2,-117.9056045,34.1338751,azusa.json,3
30,164,glendora,Glendora,city,2,"Glendora, Los Angeles County, California, United States of America",-117.8653389,34.136118700000004,62,-117.8653389,34.136118700000004,glendora.json,1
31,165,marina,Covina,city,35,"Marina, Monterey County, California, United States of America",-121.80063973026199,36.6900785,61,-117.8891163,34.0877926,covina.json,3
32,166,lomita,Covina,city,1,"Lomita, Los Angeles County, California, United States of America",-118.3195013,33.8036545,1,-117.8891163,34.0877926,covina.json,3
33,167,irvine,Covina,city,238,"Irvine, Orange County, California, United States of America",-117.8259818,33.685696899999996,190,-117.8891163,34.0877926,covina.json,3
34,168,pomona,Covina,city,15,"Pomona, Los Angeles County, California, United States of America",-117.75174950000002,34.05538129999999,42,-117.8891163,34.0877926,covina.json,3
35,169,covina,Covina,city,2,"Covina, Los Angeles County, California, United States of America",-117.8891163,34.0877926,20,-117.8891163,34.0877926,covina.json,1
36,170,victorville,Victorville,city,26,"Victorville, San Bernardino County, California, United States of America",-117.2911564,34.536106700000005,87,-117.2911564,34.536106700000005,victorville.json,1
37,171,rancho cucamonga,Rancho Cucamonga,city,7,"Rancho Cucamonga, San Bernardino County, California, United States of America",-117.57517340000001,34.1033192,11,-117.57517340000001,34.1033192,rancho_cucamonga.json,2
38,172,arcata,Arcadia,city,5,"Arcata, Humboldt County, California, United States of America",-124.0828395,40.866516600000004,43,-118.0401496,34.136207500000005,arcadia.json,3
39,173,arcadia,Arcadia,city,11,"Arcadia, Los Angeles County, California, United States of America",-118.0401496,34.136207500000005,23,-118.0401496,34.136207500000005,arcadia.json,1
40,174,el monte,El Monte,city,5,"El Monte, Los Angeles County, California, United States of America",-118.03684890000001,34.0751571,27,-118.03684890000001,34.0751571,el_monte.json,2
41,175,sierra madre,Sierra Madre,city,4,"Sierra Madre, Los Angeles County, California, United States of America",-118.0528455,34.1616729,22,-118.0528455,34.1616729,sierra_madre.json,2
42,176,montebello,Montebello,city,2,"Montebello, Los Angeles County, California, United States of America",-118.1119749,34.0159398,2,-118.1119749,34.0159398,montebello.json,1
43,177,adelanto,Adelanto,city,4,"Adelanto, San Bernardino County, California, United States of America",-117.4092149,34.582769899999995,10,-117.4092149,34.582769899999995,adelanto.json,1
44,178,whittier,Whittier,city,5,"Whittier, Los Angeles County, California, United States of America",-118.03369740000002,33.974893200000004,74,-118.03369740000002,33.974893200000004,whittier.json,1
45,179,monterey park,Monterey Park,city,9,"Monterey Park, Los Angeles County, California, United States of America",-118.12922890000002,34.0512156,7,-118.12922890000002,34.0512156,monterey_park.json,2
46,180,pasadena,Pasadena,city,192,"Pasadena, Los Angeles County, California, United States of America",-118.14447779999999,34.14764520000001,230,-118.14447779999999,34.14764520000001,pasadena.json,1
47,181,gardena,Pasadena,city,4,"Gardena, Los Angeles County, California, United States of America",-118.30708909999998,33.888330200000006,22,-118.14447779999999,34.14764520000001,pasadena.json,3
48,182,la habra,La Habra,city,1,"La Habra, Orange County, California, United States of America",-117.94610729999998,33.9318775,1,-117.94610729999998,33.9318775,la_habra.json,2
49,183,chino hills,Chino Hills,city,16,"Chino Hills, San Bernardino County, California, United States of America",-117.76005590000001,33.992680299999996,51,-117.76005590000001,33.992680299999996,chino_hills.json,2
50,184,irvine,Irvine,city,238,"Irvine, Orange County, California, United States of America",-117.8259818,33.685696899999996,190,-117.8259818,33.685696899999996,irvine.json,1
51,185,covina,Irvine,city,2,"Covina, Los Angeles County, California, United States of America",-117.8891163,34.0877926,20,-117.8259818,33.685696899999996,irvine.json,3
52,186,placentia,Placentia,city,9,"Placentia, Orange County, California, United States of America",-117.8617336,33.8714814,37,-117.8617336,33.8714814,placentia.json,1
53,187,bruno,Chino,city,1,"San Bruno, San Mateo County, California, United States of America",-122.41108340000001,37.6304904,1,-117.69007490000001,34.013356099999996,chino.json,3
54,188,chico,Chino,city,7,"Chico, Butte County, California, United States of America",-121.83747759999999,39.728494500000004,18,-117.69007490000001,34.013356099999996,chino.json,2
55,189,chino,Chino,city,3,"Chino, San Bernardino County, California, United States of America",-117.69007490000001,34.013356099999996,3,-117.69007490000001,34.013356099999996,chino.json,1
56,190,san gabriel,San Gabriel,city,17,"San Gabriel, Los Angeles County, California, United States of America",-118.108604,34.0991325,99,-118.108604,34.0991325,san_gabriel.json,2
57,191,pasadena,Altadena,city,192,"Pasadena, Los Angeles County, California, United States of America",-118.14447779999999,34.14764520000001,230,-118.1352328,34.1863161,altadena.json,3
58,192,sonora,Pomona,city,26,"Sonora, Tuolumne County, California, United States of America",-120.38213799999998,37.9840911,55,-117.75174950000002,34.05538129999999,pomona.json,3
59,193,lomita,Pomona,city,1,"Lomita, Los Angeles County, California, United States of America",-118.3195013,33.8036545,1,-117.75174950000002,34.05538129999999,pomona.json,3
60,194,pomona,Pomona,city,15,"Pomona, Los Angeles County, California, United States of America",-117.75174950000002,34.05538129999999,42,-117.75174950000002,34.05538129999999,pomona.json,1
61,195,covina,Pomona,city,2,"Covina, Los Angeles County, California, United States of America",-117.8891163,34.0877926,20,-117.75174950000002,34.05538129999999,pomona.json,3
62,196,monrovia,Monrovia,city,5,"Monrovia, Los Angeles County, California, United States of America",-118.00145159999998,34.1483499,155,-118.00145159999998,34.1483499,monrovia.json,1
63,197,anaheim,Anaheim,city,255,"Anaheim, Orange County, California, United States of America",-117.9117319,33.8347516,192,-117.9117319,33.8347516,anaheim.json,1
64,198,costa mesa,Costa Mesa,city,50,"Costa Mesa, Orange County, California, United States of America",-117.9033169,33.6633386,147,-117.9033169,33.6633386,costa_mesa.json,2
65,199,buena park,Buena Park,city,20,"Buena Park, Orange County, California, United States of America",-117.99621640000001,33.870413,110,-117.99621640000001,33.870413,buena_park.json,2
66,200,sanger,Orange,city,1,"Sanger, Fresno County, California, United States of America",-119.55596509999998,36.708006,1,-117.870493,33.750037799999994,orange.json,3
67,201,laguna beach,Laguna Beach,city,80,"Laguna Beach, Orange County, California, United States of America",-117.7834146,33.5420888,240,-117.7834146,33.5420888,laguna_beach.json,2
68,202,laguna hills,Laguna Hills,city,9,"Laguna Hills, Orange County, California, United States of America",-117.68820659999999,33.5948758,20,-117.68820659999999,33.5948758,laguna_hills.json,2
69,203,aliso viejo,Aliso Viejo,city,3,"Aliso Viejo, Orange County, California, United States of America",-117.7258121,33.576137599999996,24,-117.7258121,33.576137599999996,aliso_viejo.json,2
70,204,lake forest,Lake Forest,city,11,"Lake Forest, Orange County, California, United States of America",-117.68592120000001,33.6469261,70,-117.68592120000001,33.6469261,lake_forest.json,2
71,205,laguna niguel,Laguna Niguel,city,10,"Laguna Niguel, Orange County, California, United States of America",-117.70755249999999,33.5225261,63,-117.70755249999999,33.5225261,laguna_niguel.json,2
72,206,mission viejo,Mission Viejo,city,1,"Mission Viejo, Orange County, California, United States of America",-117.65940490000001,33.5965685,1,-117.65940490000001,33.5965685,mission_viejo.json,2
73,207,rancho santa margarita,Rancho Santa Margarita,city,3,"Rancho Santa Margarita, Orange County, California, United States of America",-117.602934,33.6408845,25,-117.602934,33.6408845,rancho_santa_margarita.json,3
74,208,dana point,Dana Point,city,27,"Dana Point, Orange County, California, United States of America",-117.6981074,33.4669721,170,-117.6981074,33.4669721,dana_point.json,2
75,209,santa ana,Santa Ana,city,209,"Santa Ana, Orange County, California, United States of America",-117.8732212,33.7494951,157,-117.8732212,33.7494951,santa_ana.json,2
76,210,tustin,Tustin,city,32,"Tustin, Orange County, California, United States of America",-117.82616589999999,33.7458511,45,-117.82616589999999,33.7458511,tustin.json,1
77,211,dublin,Tustin,city,10,"Dublin, Alameda County, California, United States of America",-121.93579170000001,37.7021521,32,-117.82616589999999,33.7458511,tustin.json,3
78,212,atascadero,Atascadero,city,11,"Atascadero, San Luis Obispo County, California, United States of America",-120.6707254,35.4894169,79,-120.6707254,35.4894169,atascadero.json,1
79,213,san juan capistrano,San Juan Capistrano,city,34,"San Juan Capistrano, Orange County, California, United States of America",-117.66255079999999,33.5016932,208,-117.66255079999999,33.5016932,san_juan_capistrano.json,3
80,214,san clemente,San Clemente,city,33,"San Clemente, Orange County, California, United States of America",-117.6124178,33.4270275,130,-117.6124178,33.4270275,san_clemente.json,2
81,215,paso robles,Paso Robles,city,35,"Paso Robles, San Luis Obispo County, California, United States of America",-120.69124550000001,35.6267654,99,-120.69124550000001,35.6267654,paso_robles.json,2
82,216,san luis obispo,San Luis Obispo,city,217,"San Luis Obispo, San Luis Obispo County, California, United States of America",-120.6596155,35.2827525,296,-120.6596155,35.2827525,san_luis_obispo.json,3
83,217,pismo beach,Pismo Beach,city,296,"Pismo Beach, San Luis Obispo County, California, United States of America",-120.64128259999998,35.1427533,273,-120.64128259999998,35.1427533,pismo_beach.json,2
84,218,arroyo grande,Arroyo Grande,city,10,"Arroyo Grande, San Luis Obispo County, California, United States of America",-120.59072509999999,35.118586900000004,39,-120.59072509999999,35.118586900000004,arroyo_grande.json,2
85,219,ripon,Nipomo,city,4,"Ripon, San Joaquin County, California, United States of America",-121.1243827,37.741595000000004,8,-120.49641881596202,35.0358216,nipomo.json,3
86,220,solvang,Solvang,city,74,"Solvang, Santa Barbara County, California, United States of America",-120.1390893,34.595857200000005,199,-120.1390893,34.595857200000005,solvang.json,1
87,221,santa maria,Santa Maria,city,55,"Santa Maria, Santa Barbara County, California, United States of America",-120.43585759999999,34.953129499999996,147,-120.43585759999999,34.953129499999996,santa_maria.json,2
88,222,arcata,Orcutt,city,5,"Arcata, Humboldt County, California, United States of America",-124.0828395,40.866516600000004,43,-120.4366903,34.8650717,orcutt.json,3
89,223,grover beach,Grover Beach,city,7,"Grover Beach, San Luis Obispo County, California, United States of America",-120.6218375,35.1209452,18,-120.6218375,35.1209452,grover_beach.json,2
90,224,fresno,Oceano,city,182,"Fresno, Fresno County, California, United States of America",-119.71483960114901,36.748793,190,-120.612393,35.0988648,oceano.json,3
91,225,chino,Oceano,city,3,"Chino, San Bernardino County, California, United States of America",-117.69007490000001,34.013356099999996,3,-120.612393,35.0988648,oceano.json,3
92,226,morro bay,Morro Bay,city,91,"Morro Bay, San Luis Obispo County, California, United States of America",-120.8499012,35.3658075,224,-120.8499012,35.3658075,morro_bay.json,2
93,227,la brea,Cambria,city,9,"Brea, Orange County, California, United States of America",-117.88885559999999,33.917044399999995,27,-121.08074669999999,35.5641381,cambria.json,3
94,228,buellton,Buellton,city,16,"Buellton, Santa Barbara County, California, United States of America",-120.1936691,34.6134727,157,-120.1936691,34.6134727,buellton.json,1
95,229,santa barbara,Santa Barbara,city,313,"Santa Barbara, Santa Barbara County, California, United States of America",-119.70266720000001,34.4221319,343,-119.70266720000001,34.4221319,santa_barbara.json,2
96,230,lomita,Goleta,city,1,"Lomita, Los Angeles County, California, United States of America",-118.3195013,33.8036545,1,-119.8276388,34.4358295,goleta.json,3
97,231,soledad,Goleta,city,12,"Soledad, Monterey County, California, United States of America",-121.32721459999999,36.426945200000006,126,-119.8276388,34.4358295,goleta.json,3
98,232,carpinteria,Carpinteria,city,15,"Carpinteria, Santa Barbara County, California, United States of America",-119.51845630000001,34.3988838,73,-119.51845630000001,34.3988838,carpinteria.json,1
99,233,lompoc,Lompoc,city,29,"Lompoc, Santa Barbara County, California, United States of America",-120.4579408,34.6391501,125,-120.4579408,34.6391501,lompoc.json,1
100,234,compton,Lompoc,city,7,"Compton, Los Angeles County, California, United States of America",-118.2260433,33.89488239999999,20,-120.4579408,34.6391501,lompoc.json,3
101,235,fountain valley,Fountain Valley,city,12,"Fountain Valley, Orange County, California, United States of America",-117.9627348,33.7038145,30,-117.9627348,33.7038145,fountain_valley.json,2
102,236,westminster,Westminster,city,10,"Westminster, Orange County, California, United States of America",-117.98589199999999,33.7578041,34,-117.98589199999999,33.7578041,westminster.json,1
103,237,garden grove,Garden Grove,city,14,"Garden Grove, Orange County, California, United States of America",-117.9463716,33.7746292,35,-117.9463716,33.7746292,garden_grove.json,2
104,238,fullerton,Fullerton,city,28,"Fullerton, Orange County, California, United States of America",-117.92941640000001,33.870821500000005,43,-117.92941640000001,33.870821500000005,fullerton.json,1
105,239,huntington beach,Huntington Beach,city,250,"Huntington Beach, Orange County, California, United States of America",-118.0000165,33.6783336,341,-118.0000165,33.6783336,huntington_beach.json,2
106,240,la mirada,La Mirada,city,1,"La Mirada, Los Angeles County, California, United States of America",-118.0107091,33.906097100000004,24,-118.0107091,33.906097100000004,la_mirada.json,2
107,241,santa fe springs,Santa Fe Springs,city,6,"Santa Fe Springs, Los Angeles County, California, United States of America",-118.06761019999999,33.9482434,72,-118.06761019999999,33.9482434,santa_fe_springs.json,3
108,242,perris,Cerritos,city,7,"Perris, Riverside County, California, United States of America",-117.2286477,33.7825194,5,-118.05393219999999,33.8644291,cerritos.json,3
109,243,cerritos,Cerritos,city,2,"Cerritos, Los Angeles County, California, United States of America",-118.05393219999999,33.8644291,12,-118.05393219999999,33.8644291,cerritos.json,1
110,244,norwalk,Norwalk,city,6,"Norwalk, Los Angeles County, California, United States of America",-118.0849168,33.909280200000005,18,-118.0849168,33.909280200000005,norwalk.json,1
111,245,seal beach,Seal Beach,city,15,"Seal Beach, Orange County, California, United States of America",-118.1046355,33.741176,78,-118.1046355,33.741176,seal_beach.json,2
112,246,hesperia,Hesperia,city,15,"Hesperia, San Bernardino County, California, United States of America",-117.30087830000001,34.4263886,46,-117.30087830000001,34.4263886,hesperia.json,1
113,247,san bernardino,San Bernardino,city,250,"San Bernardino, San Bernardino County, California, United States of America",-117.28976509999998,34.1083449,146,-117.28976509999998,34.1083449,san_bernardino.json,2
114,248,highland,Highland,city,8,"Highland, San Bernardino County, California, United States of America",-117.2086512,34.1283442,15,-117.2086512,34.1283442,highland.json,1
115,249,loma linda,Loma Linda,city,10,"Loma Linda, San Bernardino County, California, United States of America",-117.25204765,34.075626,14,-117.25204765,34.075626,loma_linda.json,2
116,250,compton,Colton,city,7,"Compton, Los Angeles County, California, United States of America",-118.2260433,33.89488239999999,20,-117.31365459999999,34.0739016,colton.json,3
117,251,folsom,Colton,city,8,"Folsom, Sacramento County, California, United States of America",-121.1760582,38.6779591,19,-117.31365459999999,34.0739016,colton.json,3
118,252,isleton,Colton,city,3,"Isleton, Sacramento County, California, United States of America",-121.6116205,38.1618614,7,-117.31365459999999,34.0739016,colton.json,3
119,253,colton,Colton,city,8,"Colton, San Bernardino County, California, United States of America",-117.31365459999999,34.0739016,12,-117.31365459999999,34.0739016,colton.json,1
120,254,riverside,Riverside,city,151,"Riverside, Riverside County, California, United States of America",-117.39616219999999,33.953354600000004,138,-117.39616219999999,33.953354600000004,riverside.json,1
121,255,redlands,Redlands,city,53,"Redlands, San Bernardino County, California, United States of America",-117.24898389691201,34.069909,53,-117.24898389691201,34.069909,redlands.json,1
122,256,moreno valley,Moreno Valley,city,9,"Moreno Valley, Riverside County, California, United States of America",-117.23059429999999,33.937517,15,-117.23059429999999,33.937517,moreno_valley.json,2
123,257,perris,Perris,city,7,"Perris, Riverside County, California, United States of America",-117.2286477,33.7825194,5,-117.2286477,33.7825194,perris.json,1
124,258,cerritos,Perris,city,2,"Cerritos, Los Angeles County, California, United States of America",-118.05393219999999,33.8644291,12,-117.2286477,33.7825194,perris.json,3
125,259,menifee,Menifee,city,6,"Menifee, Sun City, Riverside County, California, United States of America",-117.1770436,33.68644320000001,7,-117.1770436,33.68644320000001,menifee.json,1
126,260,belmont,Beaumont,city,3,"Belmont, San Mateo County, California, United States of America",-122.2758007,37.5202145,8,-116.97724790000001,33.929460600000006,beaumont.json,3
127,261,beaumont,Beaumont,city,9,"Beaumont, Riverside County, California, United States of America",-116.97724790000001,33.929460600000006,23,-116.97724790000001,33.929460600000006,beaumont.json,1
128,262,avalon,Cabazon,city,8,"Avalon, Los Angeles County, California, United States of America",-118.3272611,33.342209999999994,10,-116.779534350758,33.9090305,cabazon.json,3
129,263,palm springs,Palm Springs,city,80,"Palm Springs, Riverside County, California, United States of America",-116.54030290000001,33.8246269,207,-116.54030290000001,33.8246269,palm_springs.json,2
130,264,palm desert,Palm Desert,city,13,"Palm Desert, Riverside County, California, United States of America",-116.382571,33.7288179,18,-116.382571,33.7288179,palm_desert.json,2
131,265,desert hot springs,Desert Hot Springs,city,2,"Desert Hot Springs, Riverside County, California, United States of America",-116.50167830000001,33.961124,11,-116.50167830000001,33.961124,desert_hot_springs.json,3
132,266,indio,Indio,city,8,"Indio, Riverside County, California, United States of America",-116.21880530000001,33.71928079999999,66,-116.21880530000001,33.71928079999999,indio.json,1
133,267,lodi,Indio,city,31,"Lodi, San Joaquin County, California, United States of America",-121.387849546574,38.097198,64,-116.21880530000001,33.71928079999999,indio.json,3
134,268,la quinta,La Quinta,city,3,"La Quinta, Riverside County, California, United States of America",-116.2958788,33.677474,28,-116.2958788,33.677474,la_quinta.json,2
135,269,selma,Mecca,city,1,"Selma, Fresno County, California, United States of America",-119.61207639999999,36.5707838,1,-116.0745416,33.5701568,mecca.json,3
136,270,etna,Mecca,city,1,"Etna, Siskiyou County, California, United States of America",-122.894755,41.4568065,2,-116.0745416,33.5701568,mecca.json,3
137,271,mesa,Mecca,city,7,"La Mesa, San Diego County, California, United States of America",-117.0230838,32.7678288,14,-116.0745416,33.5701568,mecca.json,3
138,272,shafter,Shafter,city,3,"Shafter, Kern County, California, United States of America",-119.285365133155,35.4698255,9,-119.285365133155,35.4698255,shafter.json,1
139,273,bakersfield,Bakersfield,city,224,"Bakersfield, Kern County, California, United States of America",-119.0194638,35.3738712,204,-119.0194638,35.3738712,bakersfield.json,1
140,274,upland,Delano,city,5,"Upland, San Bernardino County, California, United States of America",-117.6483875,34.09751,5,-119.24705349999999,35.7688425,delano.json,3
141,275,adelanto,Delano,city,4,"Adelanto, San Bernardino County, California, United States of America",-117.4092149,34.582769899999995,10,-119.24705349999999,35.7688425,delano.json,3
0,276,exeter,Exeter,city,1,"Exeter, Tulare County, California, United States of America",-119.14205159999999,36.2960613,1,-119.14205159999999,36.2960613,exeter.json,1
1,277,visalia,Visalia,city,17,"Visalia, Tulare County, California, United States of America",-119.2920584,36.330228399999996,46,-119.2920584,36.330228399999996,visalia.json,1
2,278,porterville,Porterville,city,3,"Porterville, Tulare County, California, United States of America",-119.01676780000001,36.06523,4,-119.01676780000001,36.06523,porterville.json,1
3,279,lemon grove,Lemon Cove,city,2,"Lemon Grove, San Diego County, California, United States of America",-117.03141709999998,32.7425516,16,-119.028361172222,36.381589500000004,lemon_cove.json,3
4,280,concord,Hanford,city,9,"Concord, Contra Costa County, California, United States of America",-122.03356229999999,37.9768525,19,-119.64568429999999,36.3274502,hanford.json,3
5,281,hanford,Hanford,city,3,"Hanford, Kings County, California, United States of America",-119.64568429999999,36.3274502,12,-119.64568429999999,36.3274502,hanford.json,1
6,282,sanger,Sanger,city,1,"Sanger, Fresno County, California, United States of America",-119.55596509999998,36.708006,1,-119.55596509999998,36.708006,sanger.json,1
7,283,santee,Sanger,city,1,"Santee, San Diego County, California, United States of America",-116.9739166,32.8383828,17,-119.55596509999998,36.708006,sanger.json,3
8,284,lodi,Clovis,city,31,"Lodi, San Joaquin County, California, United States of America",-121.387849546574,38.097198,64,-119.70291929999999,36.8252277,clovis.json,3
9,285,clovis,Clovis,city,7,"Clovis, Fresno County, California, United States of America",-119.70291929999999,36.8252277,11,-119.70291929999999,36.8252277,clovis.json,1
10,286,bruno,Fresno,city,1,"San Bruno, San Mateo County, California, United States of America",-122.41108340000001,37.6304904,1,-119.71483960114901,36.748793,fresno.json,3
11,287,fresno,Fresno,city,182,"Fresno, Fresno County, California, United States of America",-119.71483960114901,36.748793,190,-119.71483960114901,36.748793,fresno.json,1
12,288,gardena,Madera,city,4,"Gardena, Los Angeles County, California, United States of America",-118.30708909999998,33.888330200000006,22,-119.773799,37.171626399999994,madera.json,3
13,289,chowchilla,Chowchilla,city,1,"Chowchilla, Madera County, California, United States of America",-120.28642613645201,37.1123505,5,-120.28642613645201,37.1123505,chowchilla.json,1
14,290,merced,Merced,city,16,"Merced, Merced County, California, United States of America",-120.48432679999999,37.3029568,62,-120.48432679999999,37.3029568,merced.json,1
15,291,turlock,Turlock,city,2,"Turlock, Stanislaus County, California, United States of America",-120.846594,37.494656799999994,56,-120.846594,37.494656799999994,turlock.json,1
16,292,del mar,Hilmar,city,1,"Del Mar, San Diego County, California, United States of America",-117.2653145,32.9594891,1,-120.8502034,37.4085479,hilmar.json,3
17,293,selma,Hilmar,city,1,"Selma, Fresno County, California, United States of America",-119.61207639999999,36.5707838,1,-120.8502034,37.4085479,hilmar.json,3
18,294,modesto,Modesto,city,32,"Modesto, Stanislaus County, California, United States of America",-120.99687809999999,37.6390972,72,-120.99687809999999,37.6390972,modesto.json,1
19,295,cajon,Escalon,city,1,"El Cajon, San Diego County, California, United States of America",-116.96252679999999,32.7947731,1,-121.006421984267,37.7544565,escalon.json,3
20,296,avalon,Escalon,city,8,"Avalon, Los Angeles County, California, United States of America",-118.3272611,33.342209999999994,10,-121.006421984267,37.7544565,escalon.json,3
21,297,escalon,Escalon,city,1,"Escalon, San Joaquin County, California, United States of America",-121.006421984267,37.7544565,1,-121.006421984267,37.7544565,escalon.json,1
22,298,palmdale,Oakdale,city,20,"Palmdale, Los Angeles County, California, United States of America",-118.11711070000001,34.5793131,90,-120.8471544,37.766594700000006,oakdale.json,3
23,299,oakdale,Oakdale,city,5,"Oakdale, Stanislaus County, California, United States of America",-120.8471544,37.766594700000006,14,-120.8471544,37.766594700000006,oakdale.json,1
24,300,cajon,Ripon,city,1,"El Cajon, San Diego County, California, United States of America",-116.96252679999999,32.7947731,1,-121.1243827,37.741595000000004,ripon.json,3
25,301,dixon,Ripon,city,1,"Dixon, Solano County, California, United States of America",-121.82329569999999,38.4454641,1,-121.1243827,37.741595000000004,ripon.json,2
26,302,ripon,Ripon,city,4,"Ripon, San Joaquin County, California, United States of America",-121.1243827,37.741595000000004,8,-121.1243827,37.741595000000004,ripon.json,1
27,303,santee,Manteca,city,1,"Santee, San Diego County, California, United States of America",-116.9739166,32.8383828,17,-121.21171470000002,37.7986184,manteca.json,3
28,304,manteca,Manteca,city,13,"Manteca, San Joaquin County, California, United States of America",-121.21171470000002,37.7986184,19,-121.21171470000002,37.7986184,manteca.json,1
29,305,lathrop,Lathrop,city,3,"Lathrop, San Joaquin County, California, United States of America",-121.27660990000001,37.8227046,3,-121.27660990000001,37.8227046,lathrop.json,1
30,306,tracy,Tracy,city,2,"Tracy, San Joaquin County, California, United States of America",-121.4252226,37.7396513,5,-121.4252226,37.7396513,tracy.json,1
31,307,stockton,Stockton,city,51,"Stockton, San Joaquin County, California, United States of America",-121.2907795,37.9577016,49,-121.2907795,37.9577016,stockton.json,1
32,308,tustin,Gustine,city,32,"Tustin, Orange County, California, United States of America",-117.82616589999999,33.7458511,45,-120.99881529999999,37.2577171,gustine.json,2
33,309,oroville,Kernville,city,5,"Oroville, Butte County, California, United States of America",-121.55635890000002,39.513775200000005,57,-118.433945835615,35.733073499999996,kernville.json,3
34,310,belmont,Weldon,city,3,"Belmont, San Mateo County, California, United States of America",-122.2758007,37.5202145,8,-118.314803898713,35.6434635,weldon.json,3
35,311,colton,Weldon,city,8,"Colton, San Bernardino County, California, United States of America",-117.31365459999999,34.0739016,12,-118.314803898713,35.6434635,weldon.json,3
36,312,galt,Taft,city,1,"Galt, Sacramento County, California, United States of America",-121.29994840000002,38.2546373,1,-119.4565077,35.142467100000005,taft.json,2
37,313,maricopa,Maricopa,city,1,"Maricopa, Kern County, California, United States of America",-119.40095079999999,35.058858,1,-119.40095079999999,35.058858,maricopa.json,1
38,314,reedley,Needles,city,4,"Reedley, Fresno County, California, United States of America",-119.45040279999999,36.5963395,5,-114.6141315,34.8480597,needles.json,2
39,315,needles,Needles,city,3,"Needles, San Bernardino County, California, United States of America",-114.6141315,34.8480597,23,-114.6141315,34.8480597,needles.json,1
40,316,brea,Anza,city,10,"Brea, Orange County, California, United States of America",-117.88885559999999,33.917044399999995,23,-116.67456999999999,33.5559483,anza.json,3
41,317,etna,Anza,city,1,"Etna, Siskiyou County, California, United States of America",-122.894755,41.4568065,2,-116.67456999999999,33.5559483,anza.json,3
42,318,napa,Anza,city,134,"Napa, Napa County, California, United States of America",-122.28552920000001,38.2971367,131,-116.67456999999999,33.5559483,anza.json,3
43,319,mesa,Anza,city,7,"La Mesa, San Diego County, California, United States of America",-117.0230838,32.7678288,14,-116.67456999999999,33.5559483,anza.json,3
44,320,escondido,Escondido,city,21,"Escondido, San Diego County, California, United States of America",-117.0814848,33.1216751,50,-117.0814848,33.1216751,escondido.json,1
45,321,brea,Pala,city,10,"Brea, Orange County, California, United States of America",-117.88885559999999,33.917044399999995,23,-117.07669640000002,33.3653102,pala.json,3
46,322,selma,Pala,city,1,"Selma, Fresno County, California, United States of America",-119.61207639999999,36.5707838,1,-117.07669640000002,33.3653102,pala.json,3
47,323,napa,Pala,city,134,"Napa, Napa County, California, United States of America",-122.28552920000001,38.2971367,131,-117.07669640000002,33.3653102,pala.json,2
48,324,etna,Pala,city,1,"Etna, Siskiyou County, California, United States of America",-122.894755,41.4568065,2,-117.07669640000002,33.3653102,pala.json,3
49,325,galt,Pala,city,1,"Galt, Sacramento County, California, United States of America",-121.29994840000002,38.2546373,1,-117.07669640000002,33.3653102,pala.json,2
50,326,mesa,Pala,city,7,"La Mesa, San Diego County, California, United States of America",-117.0230838,32.7678288,14,-117.07669640000002,33.3653102,pala.json,3
51,327,san marcos,San Marcos,city,8,"San Marcos, San Diego County, California, United States of America",-117.16614479999998,33.1433723,15,-117.16614479999998,33.1433723,san_marcos.json,2
52,328,san carlos,San Marcos,city,5,"San Carlos, San Mateo County, California, United States of America",-122.266149723864,37.4982065,63,-117.16614479999998,33.1433723,san_marcos.json,3
53,329,downey,Poway,city,3,"Downey, Los Angeles County, California, United States of America",-118.1325687,33.9400143,6,-117.0358645,32.9628234,poway.json,3
54,330,poway,Poway,city,6,"Poway, San Diego County, California, United States of America",-117.0358645,32.9628234,46,-117.0358645,32.9628234,poway.json,1
55,331,san diego,San Diego,city,431,"San Diego, San Diego County, California, United States of America",-117.1627713,32.7174209,358,-117.1627713,32.7174209,san_diego.json,2
56,332,ca usa,La Mesa,city,2,"California City, Kern County, California, United States of America",-117.9859037,35.125801,2,-117.0230838,32.7678288,la_mesa.json,3
57,333,la mesa,La Mesa,city,4,"La Mesa, San Diego County, California, United States of America",-117.0230838,32.7678288,19,-117.0230838,32.7678288,la_mesa.json,2
58,334,mesa,Vista,city,7,"La Mesa, San Diego County, California, United States of America",-117.0230838,32.7678288,14,-117.24253540000001,33.2000368,vista.json,3
59,335,quinta,Vista,city,1,"La Quinta, Riverside County, California, United States of America",-116.2958788,33.677474,1,-117.24253540000001,33.2000368,vista.json,3
60,336,oceanside,Oceanside,city,56,"Oceanside, San Diego County, California, United States of America",-117.37948329999999,33.1958696,174,-117.37948329999999,33.1958696,oceanside.json,1
61,337,imperial beach,Imperial Beach,city,1,"Imperial Beach, San Diego County, California, United States of America",-117.1130848,32.58394439999999,16,-117.1130848,32.58394439999999,imperial_beach.json,2
62,338,chula vista,Chula Vista,city,2,"Chula Vista, San Diego County, California, United States of America",-117.08419540000001,32.6400541,32,-117.08419540000001,32.6400541,chula_vista.json,2
63,339,coronado,Coronado,city,5,"Coronado, San Diego County, California, United States of America",-117.183089,32.6858854,23,-117.183089,32.6858854,coronado.json,1
64,340,national city,National City,city,3,"National City, San Diego County, California, United States of America",-117.0991966,32.6781085,20,-117.0991966,32.6781085,national_city.json,2
65,341,lomita,Bonita,city,1,"Lomita, Los Angeles County, California, United States of America",-118.3195013,33.8036545,1,-117.01596166077499,32.664798,bonita.json,2
66,342,covina,Bonita,city,2,"Covina, Los Angeles County, California, United States of America",-117.8891163,34.0877926,20,-117.01596166077499,32.664798,bonita.json,3
67,343,sonora,Bonita,city,26,"Sonora, Tuolumne County, California, United States of America",-120.38213799999998,37.9840911,55,-117.01596166077499,32.664798,bonita.json,3
68,344,santee,Santee,city,1,"Santee, San Diego County, California, United States of America",-116.9739166,32.8383828,17,-116.9739166,32.8383828,santee.json,1
69,345,sanger,Santee,city,1,"Sanger, Fresno County, California, United States of America",-119.55596509999998,36.708006,1,-116.9739166,32.8383828,santee.json,3
70,346,manteca,Santee,city,13,"Manteca, San Joaquin County, California, United States of America",-121.21171470000002,37.7986184,19,-116.9739166,32.8383828,santee.json,3
71,347,el cajon,El Cajon,city,4,"El Cajon, San Diego County, California, United States of America",-116.96252679999999,32.7947731,21,-116.96252679999999,32.7947731,el_cajon.json,2
72,348,cajon,Ramona,city,1,"El Cajon, San Diego County, California, United States of America",-116.96252679999999,32.7947731,1,-116.86751312074101,33.035378,ramona.json,3
73,349,marina,Ramona,city,35,"Marina, Monterey County, California, United States of America",-121.80063973026199,36.6900785,61,-116.86751312074101,33.035378,ramona.json,3
74,350,pomona,Ramona,city,15,"Pomona, Los Angeles County, California, United States of America",-117.75174950000002,34.05538129999999,42,-116.86751312074101,33.035378,ramona.json,2
75,351,irvine,Alpine,city,238,"Irvine, Orange County, California, United States of America",-117.8259818,33.685696899999996,190,-119.8345012,38.5893934,alpine.json,3
76,352,tijuana,Tijuana,city,12,"Tijuana, Baja California, M√©xico",-116.9641656,32.5008626,66,-116.9641656,32.5008626,tijuana.json,1
77,353,ukiah,Julian,city,5,"Ukiah, Mendocino County, California, United States of America",-123.20778600000001,39.1501662,45,-116.60231529999999,33.078596999999995,julian.json,3
78,354,dublin,Julian,city,10,"Dublin, Alameda County, California, United States of America",-121.93579170000001,37.7021521,32,-116.60231529999999,33.078596999999995,julian.json,3
79,355,encinitas,Encinitas,city,31,"Encinitas, San Diego County, California, United States of America",-117.29198170000001,33.0369867,122,-117.29198170000001,33.0369867,encinitas.json,1
80,356,carlsbad,Carlsbad,city,289,"Carlsbad, San Diego County, California, United States of America",-117.35059380000001,33.158093300000004,286,-117.35059380000001,33.158093300000004,carlsbad.json,1
81,357,solana beach,Solana Beach,city,20,"Solana Beach, San Diego County, California, United States of America",-117.2691315,32.9905597,115,-117.2691315,32.9905597,solana_beach.json,2
82,358,del mar,Del Mar,city,1,"Del Mar, San Diego County, California, United States of America",-117.2653145,32.9594891,1,-117.2653145,32.9594891,del_mar.json,2
83,359,napa california,Baja California,city,3,"Napa, Napa County, California, United States of America",-122.28552920000001,38.2971367,5,-113.380835042571,27.35789705,baja_california.json,3
84,360,novato,Loreto,city,7,"Novato, Marin County, California, United States of America",-122.568119,38.1061979,15,-111.502049587939,25.88442735,loreto.json,3
85,361,modesto,Loreto,city,32,"Modesto, Stanislaus County, California, United States of America",-120.99687809999999,37.6390972,72,-111.502049587939,25.88442735,loreto.json,3
86,362,norco,Loreto,city,4,"Norco, Riverside County, California, 92860, United States of America",-117.55089,33.9323307,71,-111.502049587939,25.88442735,loreto.json,3
87,363,el centro,El Centro,city,3,"El Centro, Imperial County, California, United States of America",-115.5630513,32.792,5,-115.5630513,32.792,el_centro.json,2
88,364,lompoc,Campo,city,29,"Lompoc, Santa Barbara County, California, United States of America",-120.4579408,34.6391501,125,-122.4652506,37.8974258,campo.json,3
89,365,oroville,Holtville,city,5,"Oroville, Butte County, California, United States of America",-121.55635890000002,39.513775200000005,57,-115.3794263,32.8104966,holtville.json,3
90,366,roseville,Holtville,city,12,"Roseville, Placer County, California, United States of America",-121.185878161131,38.72338,15,-115.3794263,32.8104966,holtville.json,3
91,367,arcata,Tecate,city,5,"Arcata, Humboldt County, California, United States of America",-124.0828395,40.866516600000004,43,-116.273657068655,32.43593355,tecate.json,3
92,368,mexicali,Mexicali,city,1,"Mexicali, Baja California, 21000, M√©xico",-115.44406969999999,32.6200699,1,-115.44406969999999,32.6200699,mexicali.json,1
93,369,upland,Niland,city,5,"Upland, San Bernardino County, California, United States of America",-117.6483875,34.09751,5,-115.513553865844,33.2375654,niland.json,2
94,370,highland,Niland,city,8,"Highland, San Bernardino County, California, United States of America",-117.2086512,34.1283442,15,-115.513553865844,33.2375654,niland.json,3
95,371,oakland,Niland,city,165,"Oakland, Alameda County, California, United States of America",-122.27135619999999,37.804455700000005,196,-115.513553865844,33.2375654,niland.json,3
96,372,lemon grove,Lemon Grove,city,2,"Lemon Grove, San Diego County, California, United States of America",-117.03141709999998,32.7425516,16,-117.03141709999998,32.7425516,lemon_grove.json,2
97,373,sonora,Sonora,city,26,"Sonora, Tuolumne County, California, United States of America",-120.38213799999998,37.9840911,55,-120.38213799999998,37.9840911,sonora.json,1
98,374,concord,Sonora,city,9,"Concord, Contra Costa County, California, United States of America",-122.03356229999999,37.9768525,19,-120.38213799999998,37.9840911,sonora.json,3
99,375,pomona,Sonora,city,15,"Pomona, Los Angeles County, California, United States of America",-117.75174950000002,34.05538129999999,42,-120.38213799999998,37.9840911,sonora.json,3
100,376,solvang,Volcano,city,74,"Solvang, Santa Barbara County, California, United States of America",-120.1390893,34.595857200000005,199,-120.63096340000001,38.4427907,volcano.json,3
101,377,clearlake,Clearlake,city,1,"Clearlake, Lake County, California, United States of America",-122.62637269999999,38.9582307,3,-122.62637269999999,38.9582307,clearlake.json,1
102,378,chico,Nice,city,7,"Chico, Butte County, California, United States of America",-121.83747759999999,39.728494500000004,18,-122.83560203628299,39.121271,nice.json,3
103,379,sutter creek,Sutter Creek,city,4,"Sutter Creek, Amador County, California, United States of America",-120.8024356,38.3929675,11,-120.8024356,38.3929675,sutter_creek.json,2
104,380,temecula,Temecula,city,206,"Temecula, Riverside County, California, United States of America",-117.14736599999999,33.4946353,149,-117.14736599999999,33.4946353,temecula.json,1
105,381,murrieta,Murrieta,city,18,"Murrieta, Riverside County, California, United States of America",-117.21065630000001,33.560832,52,-117.21065630000001,33.560832,murrieta.json,1
106,382,hemet,Hemet,city,7,"Hemet, Riverside County, California, United States of America",-117.035766536246,33.778562,9,-117.035766536246,33.778562,hemet.json,1
107,383,san jacinto,San Jacinto,city,7,"San Jacinto, Riverside County, California, United States of America",-116.95863490000002,33.783908399999994,48,-116.95863490000002,33.783908399999994,san_jacinto.json,2
108,384,chico,Norco,city,7,"Chico, Butte County, California, United States of America",-121.83747759999999,39.728494500000004,18,-117.55089,33.9323307,norco.json,3
109,385,norco,Norco,city,4,"Norco, Riverside County, California, 92860, United States of America",-117.55089,33.9323307,71,-117.55089,33.9323307,norco.json,1
110,386,jurupa valley,Jurupa Valley,city,2,"Jurupa Valley, Riverside County, California, United States of America",-117.4515753,33.9798472,7,-117.4515753,33.9798472,jurupa_valley.json,2
111,387,ontario,Ontario,city,43,"Ontario, San Bernardino County, California, United States of America",-117.6484303,34.065846,192,-117.6484303,34.065846,ontario.json,1
112,388,sonora,Corona,city,26,"Sonora, Tuolumne County, California, United States of America",-120.38213799999998,37.9840911,55,-121.9969062,37.0066161,corona.json,3
113,389,marina,Corona,city,35,"Marina, Monterey County, California, United States of America",-121.80063973026199,36.6900785,61,-121.9969062,37.0066161,corona.json,3
114,390,coronado,Corona,city,5,"Coronado, San Diego County, California, United States of America",-117.183089,32.6858854,23,-121.9969062,37.0066161,corona.json,3
115,391,portola,Corona,city,1,"Portola, Plumas County, California, United States of America",-120.4691033,39.8104567,1,-121.9969062,37.0066161,corona.json,3
116,392,pomona,Corona,city,15,"Pomona, Los Angeles County, California, United States of America",-117.75174950000002,34.05538129999999,42,-121.9969062,37.0066161,corona.json,2
117,393,covina,Corona,city,2,"Covina, Los Angeles County, California, United States of America",-117.8891163,34.0877926,20,-121.9969062,37.0066161,corona.json,3
118,394,fontana,Fontana,city,10,"Fontana, San Bernardino County, California, United States of America",-117.4350479,34.0922335,8,-117.4350479,34.0922335,fontana.json,1
119,395,fremont,Claremont,city,144,"Fremont, Alameda County, California, United States of America",-121.98857179999999,37.548269700000006,66,-117.7197784,34.0966764,claremont.json,3
120,396,claremont,Claremont,city,8,"Claremont, Los Angeles County, California, United States of America",-117.7197784,34.0966764,29,-117.7197784,34.0966764,claremont.json,1
121,397,upland,Upland,city,5,"Upland, San Bernardino County, California, United States of America",-117.6483875,34.09751,5,-117.6483875,34.09751,upland.json,1
122,398,oakland,Upland,city,165,"Oakland, Alameda County, California, United States of America",-122.27135619999999,37.804455700000005,196,-117.6483875,34.09751,upland.json,3
123,399,montclair,Montclair,city,8,"Montclair, San Bernardino County, California, United States of America",-117.68977749999999,34.0775104,10,-117.68977749999999,34.0775104,montclair.json,1
0,400,yreka,Brea,city,3,"Yreka, Siskiyou County, California, United States of America",-122.6377654,41.732615700000004,23,-117.88885559999999,33.917044399999995,brea.json,2
1,401,brea,Brea,city,10,"Brea, Orange County, California, United States of America",-117.88885559999999,33.917044399999995,23,-117.88885559999999,33.917044399999995,brea.json,1
2,402,napa,Brea,city,134,"Napa, Napa County, California, United States of America",-122.28552920000001,38.2971367,131,-117.88885559999999,33.917044399999995,brea.json,3
3,403,etna,Brea,city,1,"Etna, Siskiyou County, California, United States of America",-122.894755,41.4568065,2,-117.88885559999999,33.917044399999995,brea.json,3
4,404,mesa,Brea,city,7,"La Mesa, San Diego County, California, United States of America",-117.0230838,32.7678288,14,-117.88885559999999,33.917044399999995,brea.json,3
5,405,eureka,Brea,city,12,"Eureka, Humboldt County, California, United States of America",-124.16367279999999,40.80207120000001,93,-117.88885559999999,33.917044399999995,brea.json,3
6,406,norco,Yermo,city,4,"Norco, Riverside County, California, 92860, United States of America",-117.55089,33.9323307,71,-116.8203126,34.904984899999995,yermo.json,3
7,407,west covina,West Covina,city,3,"West Covina, Los Angeles County, California, United States of America",-117.93895249999998,34.0686208,36,-117.93895249999998,34.0686208,west_covina.json,2
8,408,bruno,Llano,city,1,"San Bruno, San Mateo County, California, United States of America",-122.41108340000001,37.6304904,1,-122.79448219999999,38.4116331,llano.json,3
9,409,upland,Llano,city,5,"Upland, San Bernardino County, California, United States of America",-117.6483875,34.09751,5,-122.79448219999999,38.4116331,llano.json,3
10,410,chino,Llano,city,3,"Chino, San Bernardino County, California, United States of America",-117.69007490000001,34.013356099999996,3,-122.79448219999999,38.4116331,llano.json,3
11,411,ojai,Mojave,city,16,"Ojai, Ventura County, California, United States of America",-119.2428889,34.448049499999996,57,-118.1739644,35.0524699,mojave.json,3
12,412,healdsburg,Randsburg,city,21,"Healdsburg, Sonoma County, California, United States of America",-122.87013789999999,38.6106812,88,-117.65985498256201,35.369361,randsburg.json,3
13,413,sanger,Baker,city,1,"Sanger, Fresno County, California, United States of America",-119.55596509999998,36.708006,1,-117.66756029999999,35.0421963,baker.json,3
14,414,brea,Cima,city,10,"Brea, Orange County, California, United States of America",-117.88885559999999,33.917044399999995,23,-115.4991601,35.237764399999996,cima.json,3
15,415,selma,Cima,city,1,"Selma, Fresno County, California, United States of America",-119.61207639999999,36.5707838,1,-115.4991601,35.237764399999996,cima.json,3
16,416,napa,Cima,city,134,"Napa, Napa County, California, United States of America",-122.28552920000001,38.2971367,131,-115.4991601,35.237764399999996,cima.json,3
17,417,etna,Cima,city,1,"Etna, Siskiyou County, California, United States of America",-122.894755,41.4568065,2,-115.4991601,35.237764399999996,cima.json,3
18,418,mesa,Cima,city,7,"La Mesa, San Diego County, California, United States of America",-117.0230838,32.7678288,14,-115.4991601,35.237764399999996,cima.json,3
19,419,long pine,Lone Pine,city,1,"Long Beach, Los Angeles County, California, United States of America",-118.158049215311,33.78538945,1,-118.078359194897,36.583176,lone_pine.json,3
20,420,dixon,Nipton,city,1,"Dixon, Solano County, California, United States of America",-121.82329569999999,38.4454641,1,-115.2722139,35.466659299999996,nipton.json,3
21,421,ripon,Nipton,city,4,"Ripon, San Joaquin County, California, United States of America",-121.1243827,37.741595000000004,8,-115.2722139,35.466659299999996,nipton.json,2
22,422,compton,Nipton,city,7,"Compton, Los Angeles County, California, United States of America",-118.2260433,33.89488239999999,20,-115.2722139,35.466659299999996,nipton.json,3
23,423,colton,Nipton,city,8,"Colton, San Bernardino County, California, United States of America",-117.31365459999999,34.0739016,12,-115.2722139,35.466659299999996,nipton.json,3
24,424,sanger,Landers,city,1,"Sanger, Fresno County, California, United States of America",-119.55596509999998,36.708006,1,-116.39307020000001,34.266114,landers.json,3
25,425,lomita,Lomita,city,1,"Lomita, Los Angeles County, California, United States of America",-118.3195013,33.8036545,1,-118.3195013,33.8036545,lomita.json,1
26,426,pomona,Lomita,city,15,"Pomona, Los Angeles County, California, United States of America",-117.75174950000002,34.05538129999999,42,-118.3195013,33.8036545,lomita.json,3
27,427,covina,Lomita,city,2,"Covina, Los Angeles County, California, United States of America",-117.8891163,34.0877926,20,-118.3195013,33.8036545,lomita.json,3
28,428,torrance,Torrance,city,7,"Torrance, Los Angeles County, California, United States of America",-118.3406287,33.835849200000006,35,-118.3406287,33.835849200000006,torrance.json,1
29,429,cajon,Carson,city,1,"El Cajon, San Diego County, California, United States of America",-116.96252679999999,32.7947731,1,-118.25175459999998,33.832204299999994,carson.json,3
30,430,cajon,Avalon,city,1,"El Cajon, San Diego County, California, United States of America",-116.96252679999999,32.7947731,1,-118.3272611,33.342209999999994,avalon.json,3
31,431,avalon,Avalon,city,8,"Avalon, Los Angeles County, California, United States of America",-118.3272611,33.342209999999994,10,-118.3272611,33.342209999999994,avalon.json,1
32,432,escalon,Avalon,city,1,"Escalon, San Joaquin County, California, United States of America",-121.006421984267,37.7544565,1,-118.3272611,33.342209999999994,avalon.json,3
33,433,placerville,Placerville,city,21,"Placerville, El Dorado County, California, United States of America",-120.79854590000001,38.7296252,90,-120.79854590000001,38.7296252,placerville.json,1
34,434,marina,Camino,city,35,"Marina, Monterey County, California, United States of America",-121.80063973026199,36.6900785,61,-120.6749301,38.7382366,camino.json,3
35,435,chino,Camino,city,3,"Chino, San Bernardino County, California, United States of America",-117.69007490000001,34.013356099999996,3,-120.6749301,38.7382366,camino.json,3
36,436,plymouth,Plymouth,city,2,"Plymouth, Amador County, California, United States of America",-120.84465890000001,38.4818531,2,-120.84465890000001,38.4818531,plymouth.json,1
37,437,sonora,Coloma,city,26,"Sonora, Tuolumne County, California, United States of America",-120.38213799999998,37.9840911,55,-120.8902159,38.799901399999996,coloma.json,3
38,438,selma,Coloma,city,1,"Selma, Fresno County, California, United States of America",-119.61207639999999,36.5707838,1,-120.8902159,38.799901399999996,coloma.json,3
39,439,folsom,Coloma,city,8,"Folsom, Sacramento County, California, United States of America",-121.1760582,38.6779591,19,-120.8902159,38.799901399999996,coloma.json,3
40,440,pomona,Coloma,city,15,"Pomona, Los Angeles County, California, United States of America",-117.75174950000002,34.05538129999999,42,-120.8902159,38.799901399999996,coloma.json,3
41,441,lincoln,Lincoln,city,3,"Lincoln, Placer County, California, United States of America",-121.34239195792401,38.8598295,18,-121.34239195792401,38.8598295,lincoln.json,1
42,442,el dorado hills,El Dorado Hills,city,1,"El Dorado Hills, Gresham Dr, Stonegate Village, El Dorado County, California, 95762, United States of America",-121.059365948901,38.67950505,2,-121.059365948901,38.67950505,el_dorado_hills.json,3
43,443,downey,Ione,city,3,"Downey, Los Angeles County, California, United States of America",-118.1325687,33.9400143,6,-120.9327176,38.3526913,ione.json,3
44,444,rocklin,Rocklin,city,2,"Rocklin, Placer County, California, United States of America",-121.2357827,38.7907339,6,-121.2357827,38.7907339,rocklin.json,1
45,445,folsom,Folsom,city,8,"Folsom, Sacramento County, California, United States of America",-121.1760582,38.6779591,19,-121.1760582,38.6779591,folsom.json,1
46,446,colton,Folsom,city,8,"Colton, San Bernardino County, California, United States of America",-117.31365459999999,34.0739016,12,-121.1760582,38.6779591,folsom.json,3
47,447,clovis,Loomis,city,7,"Clovis, Fresno County, California, United States of America",-119.70291929999999,36.8252277,11,-121.193004,38.8212889,loomis.json,3
48,448,merced,Herald,city,16,"Merced, Merced County, California, United States of America",-120.48432679999999,37.3029568,62,-121.2443918,38.295747399999996,herald.json,3
49,449,auburn,Auburn,city,3,"Auburn, Placer County, California, United States of America",-121.07398959999999,38.894593900000004,20,-121.07398959999999,38.894593900000004,auburn.json,1
50,450,dublin,Auburn,city,10,"Dublin, Alameda County, California, United States of America",-121.93579170000001,37.7021521,32,-121.07398959999999,38.894593900000004,auburn.json,3
51,451,oroville,Roseville,city,5,"Oroville, Butte County, California, United States of America",-121.55635890000002,39.513775200000005,57,-121.185878161131,38.72338,roseville.json,3
52,452,roseville,Roseville,city,12,"Roseville, Placer County, California, United States of America",-121.185878161131,38.72338,15,-121.185878161131,38.72338,roseville.json,1
53,453,indio,Lodi,city,8,"Indio, Riverside County, California, United States of America",-116.21880530000001,33.71928079999999,66,-121.387849546574,38.097198,lodi.json,3
54,454,lodi,Lodi,city,31,"Lodi, San Joaquin County, California, United States of America",-121.387849546574,38.097198,64,-121.387849546574,38.097198,lodi.json,1
55,455,ojai,Lodi,city,16,"Ojai, Ventura County, California, United States of America",-119.2428889,34.448049499999996,57,-121.387849546574,38.097198,lodi.json,3
56,456,rancho cordova,Rancho Cordova,city,1,"Rancho Cordova, Sacramento County, California, United States of America",-121.30272790000001,38.5890723,2,-121.30272790000001,38.5890723,rancho_cordova.json,2
57,457,sacramento,Sacramento,city,169,"Sacramento, Sacramento County, California, United States of America",-121.49439950000001,38.5815719,244,-121.49439950000001,38.5815719,sacramento.json,1
58,458,west sacramento,West Sacramento,city,9,"West Sacramento, Yolo County, California, United States of America",-121.53023390000001,38.5804609,20,-121.53023390000001,38.5804609,west_sacramento.json,2
59,459,nevada city,Nevada City,city,13,"Nevada City, Nevada County, California, United States of America",-121.01605929999998,39.2615606,26,-121.01605929999998,39.2615606,nevada_city.json,2
60,460,grass valley,Grass Valley,city,8,"Grass Valley, Nevada County, California, United States of America",-121.05312297741199,39.2086655,20,-121.05312297741199,39.2086655,grass_valley.json,2
61,461,woodland,Woodland,city,3,"Woodland, Yolo County, California, United States of America",-121.7733284,38.6786109,14,-121.7733284,38.6786109,woodland.json,1
62,462,oakland,Woodland,city,165,"Oakland, Alameda County, California, United States of America",-122.27135619999999,37.804455700000005,196,-121.7733284,38.6786109,woodland.json,3
63,463,larkspur,Clarksburg,city,7,"Larkspur, Marin County, California, United States of America",-122.53525379999999,37.9340915,9,-121.52717709999999,38.4204651,clarksburg.json,3
64,464,elk grove,Elk Grove,city,6,"Elk Grove, Sacramento County, California, United States of America",-121.37161770000002,38.4087993,9,-121.37161770000002,38.4087993,elk_grove.json,2
65,465,galt,Galt,city,1,"Galt, Sacramento County, California, United States of America",-121.29994840000002,38.2546373,1,-121.29994840000002,38.2546373,galt.json,1
66,466,rialto,Galt,city,10,"Rialto, San Bernardino County, California, United States of America",-117.37032340000002,34.1064001,63,-121.29994840000002,38.2546373,galt.json,3
67,467,rio vista,Rio Vista,city,4,"Rio Vista, Solano County, California, United States of America",-121.69134380000001,38.15575020000001,10,-121.69134380000001,38.15575020000001,rio_vista.json,2
68,468,stanton,Clayton,city,1,"Stanton, Orange County, California, United States of America",-117.995103249111,33.7943366,1,-121.93579240000001,37.9410341,clayton.json,3
69,469,antioch,Antioch,city,5,"Antioch, Contra Costa County, California, United States of America",-121.8057889,38.0049214,15,-121.8057889,38.0049214,antioch.json,1
70,470,vacaville,Vacaville,city,9,"Vacaville, Solano County, California, United States of America",-121.9877443,38.3565773,25,-121.9877443,38.3565773,vacaville.json,1
71,471,sonora,Concord,city,26,"Sonora, Tuolumne County, California, United States of America",-120.38213799999998,37.9840911,55,-122.03356229999999,37.9768525,concord.json,3
72,472,concord,Concord,city,9,"Concord, Contra Costa County, California, United States of America",-122.03356229999999,37.9768525,19,-122.03356229999999,37.9768525,concord.json,1
73,473,hanford,Concord,city,3,"Hanford, Kings County, California, United States of America",-119.64568429999999,36.3274502,12,-122.03356229999999,37.9768525,concord.json,3
74,474,fairfield,Fairfield,city,13,"Fairfield, Solano County, California, United States of America",-122.0399662,38.2493581,26,-122.0399662,38.2493581,fairfield.json,1
75,475,exeter,Sutter,city,1,"Exeter, Tulare County, California, United States of America",-119.14205159999999,36.2960613,1,-121.6970879,38.9509675,sutter.json,3
76,476,yuba city,Yuba City,city,5,"Yuba City, Sutter County, California, United States of America",-121.6169107,39.1404477,12,-121.6169107,39.1404477,yuba_city.json,2
77,477,azusa,Colusa,city,4,"Azusa, Los Angeles County, California, United States of America",-117.9056045,34.1338751,13,-122.22095619999999,39.1465578,colusa.json,3
78,478,ca usa,Colusa,city,2,"California City, Kern County, California, United States of America",-117.9859037,35.125801,2,-122.22095619999999,39.1465578,colusa.json,3
79,479,willits,Willows,city,3,"Willits, Mendocino County, California, United States of America",-123.3555601,39.4096043,4,-122.19353090000001,39.5233276,willows.json,3
80,480,willits,Williams,city,3,"Willits, Mendocino County, California, United States of America",-123.3555601,39.4096043,4,-122.1494186,39.154613700000006,williams.json,3
81,481,williams,Williams,city,4,"Williams, Colusa County, California, United States of America",-122.1494186,39.154613700000006,24,-122.1494186,39.154613700000006,williams.json,1
82,482,upland,Orland,city,5,"Upland, San Bernardino County, California, United States of America",-117.6483875,34.09751,5,-122.1911355,39.747110600000006,orland.json,2
83,483,oakland,Orland,city,165,"Oakland, Alameda County, California, United States of America",-122.27135619999999,37.804455700000005,196,-122.1911355,39.747110600000006,orland.json,3
84,484,oroville,Oroville,city,5,"Oroville, Butte County, California, United States of America",-121.55635890000002,39.513775200000005,57,-121.55635890000002,39.513775200000005,oroville.json,1
85,485,roseville,Oroville,city,12,"Roseville, Placer County, California, United States of America",-121.185878161131,38.72338,15,-121.55635890000002,39.513775200000005,oroville.json,3
86,486,brea,Vina,city,10,"Brea, Orange County, California, United States of America",-117.88885559999999,33.917044399999995,23,-120.11044,36.8805022,vina.json,3
87,487,napa,Vina,city,134,"Napa, Napa County, California, United States of America",-122.28552920000001,38.2971367,131,-120.11044,36.8805022,vina.json,3
88,488,marina,Vina,city,35,"Marina, Monterey County, California, United States of America",-121.80063973026199,36.6900785,61,-120.11044,36.8805022,vina.json,3
89,489,etna,Vina,city,1,"Etna, Siskiyou County, California, United States of America",-122.894755,41.4568065,2,-120.11044,36.8805022,vina.json,2
90,490,mesa,Vina,city,7,"La Mesa, San Diego County, California, United States of America",-117.0230838,32.7678288,14,-120.11044,36.8805022,vina.json,3
91,491,covina,Vina,city,2,"Covina, Los Angeles County, California, United States of America",-117.8891163,34.0877926,20,-120.11044,36.8805022,vina.json,3
92,492,chino,Vina,city,3,"Chino, San Bernardino County, California, United States of America",-117.69007490000001,34.013356099999996,3,-120.11044,36.8805022,vina.json,3
93,493,quinta,Vina,city,1,"La Quinta, Riverside County, California, United States of America",-116.2958788,33.677474,1,-120.11044,36.8805022,vina.json,3
94,494,chico,Chico,city,7,"Chico, Butte County, California, United States of America",-121.83747759999999,39.728494500000004,18,-121.83747759999999,39.728494500000004,chico.json,1
95,495,norco,Chico,city,4,"Norco, Riverside County, California, 92860, United States of America",-117.55089,33.9323307,71,-121.83747759999999,39.728494500000004,chico.json,3
96,496,chino,Chico,city,3,"Chino, San Bernardino County, California, United States of America",-117.69007490000001,34.013356099999996,3,-121.83747759999999,39.728494500000004,chico.json,2
97,497,signal hill,Signal Hill,city,1,"Signal Hill, Los Angeles County, California, United States of America",-118.16760409999999,33.8043856,1,-118.16760409999999,33.8043856,signal_hill.json,2
98,498,manhattan beach,Manhattan Beach,city,99,"Manhattan Beach, Los Angeles County, California, United States of America",-118.40001459999999,33.895083899999996,234,-118.40001459999999,33.895083899999996,manhattan_beach.json,2
99,499,downey,Downey,city,3,"Downey, Los Angeles County, California, United States of America",-118.1325687,33.9400143,6,-118.1325687,33.9400143,downey.json,1
100,500,poway,Downey,city,6,"Poway, San Diego County, California, United States of America",-117.0358645,32.9628234,46,-118.1325687,33.9400143,downey.json,3
101,501,cloverdale,Cloverdale,city,3,"Cloverdale, Sonoma County, California, United States of America",-123.0172226,38.8054624,4,-123.0172226,38.8054624,cloverdale.json,1
102,502,upland,Hopland,city,5,"Upland, San Bernardino County, California, United States of America",-117.6483875,34.09751,5,-123.11639170000001,38.972954200000004,hopland.json,2
103,503,woodland,Hopland,city,3,"Woodland, Yolo County, California, United States of America",-121.7733284,38.6786109,14,-123.11639170000001,38.972954200000004,hopland.json,3
104,504,oakland,Hopland,city,165,"Oakland, Alameda County, California, United States of America",-122.27135619999999,37.804455700000005,196,-123.11639170000001,38.972954200000004,hopland.json,3
105,505,ukiah,Ukiah,city,5,"Ukiah, Mendocino County, California, United States of America",-123.20778600000001,39.1501662,45,-123.20778600000001,39.1501662,ukiah.json,1
106,506,oroville,Boonville,city,5,"Oroville, Butte County, California, United States of America",-121.55635890000002,39.513775200000005,57,-123.366111,39.0091667,boonville.json,3
107,507,roseville,Boonville,city,12,"Roseville, Placer County, California, United States of America",-121.185878161131,38.72338,15,-123.366111,39.0091667,boonville.json,3
108,508,willits,Willits,city,3,"Willits, Mendocino County, California, United States of America",-123.3555601,39.4096043,4,-123.3555601,39.4096043,willits.json,1
109,509,milpitas,Willits,city,12,"Milpitas, Santa Clara County, California, United States of America",-121.9066237,37.4282724,16,-123.3555601,39.4096043,willits.json,3
110,510,williams,Willits,city,4,"Williams, Colusa County, California, United States of America",-122.1494186,39.154613700000006,24,-123.3555601,39.4096043,willits.json,3
111,511,chico,Philo,city,7,"Chico, Butte County, California, United States of America",-121.83747759999999,39.728494500000004,18,-123.4450092,39.065732399999995,philo.json,2
112,512,chino,Philo,city,3,"Chino, San Bernardino County, California, United States of America",-117.69007490000001,34.013356099999996,3,-123.4450092,39.065732399999995,philo.json,2
113,513,napa,Caspar,city,134,"Napa, Napa County, California, United States of America",-122.28552920000001,38.2971367,131,-123.81584869999999,39.3635049,caspar.json,3
114,514,fort bragg,Fort Bragg,city,23,"Fort Bragg, Mendocino County, California, United States of America",-123.802699105743,39.444734499999996,61,-123.802699105743,39.444734499999996,fort_bragg.json,2
115,515,oroville,Yorkville,city,5,"Oroville, Butte County, California, United States of America",-121.55635890000002,39.513775200000005,57,-123.2144506,38.8979586,yorkville.json,2
116,516,roseville,Yorkville,city,12,"Roseville, Placer County, California, United States of America",-121.185878161131,38.72338,15,-123.2144506,38.8979586,yorkville.json,3
117,517,sanger,Jenner,city,1,"Sanger, Fresno County, California, United States of America",-119.55596509999998,36.708006,1,-123.11555870000001,38.4496365,jenner.json,3
118,518,point arena,Point Arena,city,3,"Point Arena, Mendocino County, California, United States of America",-123.69307250000001,38.908798,9,-123.69307250000001,38.908798,point_arena.json,2
119,519,petaluma,Petaluma,city,10,"Petaluma, Sonoma County, California, United States of America",-122.61369340203301,38.295411,24,-122.61369340203301,38.295411,petaluma.json,1
120,520,novato,Novato,city,7,"Novato, Marin County, California, United States of America",-122.568119,38.1061979,15,-122.568119,38.1061979,novato.json,1
121,521,cotati,Novato,city,1,"Cotati, Sonoma County, California, United States of America",-122.70684399999999,38.326679799999994,51,-122.568119,38.1061979,novato.json,3
122,522,salinas,Bolinas,city,12,"Salinas, Monterey County, California, United States of America",-121.6550371,36.6744117,28,-122.6863732,37.909370200000005,bolinas.json,2
123,523,covina,Bolinas,city,2,"Covina, Los Angeles County, California, United States of America",-117.8891163,34.0877926,20,-122.6863732,37.909370200000005,bolinas.json,3
124,524,san rafael,San Rafael,city,18,"San Rafael, Marin County, California, United States of America",-122.5310873,37.9735346,128,-122.5310873,37.9735346,san_rafael.json,2
125,525,yreka,Olema,city,3,"Yreka, Siskiyou County, California, United States of America",-122.6377654,41.732615700000004,23,-122.78804579999999,38.0407566,olema.json,3
126,526,brea,Olema,city,10,"Brea, Orange County, California, United States of America",-117.88885559999999,33.917044399999995,23,-122.78804579999999,38.0407566,olema.json,3
127,527,selma,Olema,city,1,"Selma, Fresno County, California, United States of America",-119.61207639999999,36.5707838,1,-122.78804579999999,38.0407566,olema.json,3
128,528,mesa,Olema,city,7,"La Mesa, San Diego County, California, United States of America",-117.0230838,32.7678288,14,-122.78804579999999,38.0407566,olema.json,3
129,529,marina,Orinda,city,35,"Marina, Monterey County, California, United States of America",-121.80063973026199,36.6900785,61,-122.17968870000001,37.8771476,orinda.json,3
130,530,trinidad,Orinda,city,3,"Trinidad, Humboldt County, California, United States of America",-124.14312450000001,41.059290999999995,3,-122.17968870000001,37.8771476,orinda.json,3
131,531,quinta,Orinda,city,1,"La Quinta, Riverside County, California, United States of America",-116.2958788,33.677474,1,-122.17968870000001,37.8771476,orinda.json,3
132,532,berkeley,Berkeley,city,267,"Berkeley, Alameda County, California, United States of America",-122.27286380000001,37.8708393,208,-122.27286380000001,37.8708393,berkeley.json,1
133,533,richmond,Richmond,city,19,"Richmond, Contra Costa County, California, United States of America",-122.34774850000001,37.9357576,67,-122.34774850000001,37.9357576,richmond.json,1
134,534,chico,Pacheco,city,7,"Chico, Butte County, California, United States of America",-121.83747759999999,39.728494500000004,18,-122.07524120000001,37.983533200000004,pacheco.json,3
